City_ID,City,Lat,Lng,Max Temp,Humidity,Cloudiness,Wind Speed,Country,Date
0,edinburgh of the seven seas,-37.0676,-12.3116,14.17,83,95,17.03,SH,1721759316
1,samfya,-11.3649,29.5565,20.97,26,0,4.94,ZM,1721759317
2,san antonio de pale,-1.4014,5.6325,22.99,85,44,4.61,GQ,1721759319
3,la ronge,55.1001,-105.2842,21.14,56,40,7.72,CA,1721759320
4,papatowai,-46.5619,169.4708,8.38,72,62,4.44,NZ,1721759321
5,marang,5.2056,103.2059,27.95,88,95,1.01,MY,1721759322
6,port-aux-francais,-49.35,70.2167,1.18,93,100,13.48,TF,1721759323
7,arvayheer,46.2639,102.775,12.8,77,92,3.61,MN,1721759325
8,invercargill,-46.4,168.35,4.45,88,80,1.34,NZ,1721759326
9,tutoia,-2.7619,-42.2744,28.72,60,41,4.75,BR,1721759328
10,al jubayl,27.0112,49.6583,35.22,43,22,1.3,SA,1721759329
11,susuman,62.7833,148.1667,16.54,78,100,0.78,RU,1721759330
12,grytviken,-54.2811,-36.5092,-2.48,85,29,4.47,GS,1721759332
13,varadero,23.1536,-81.2514,32.42,73,46,7.16,CU,1721759315
14,tiksi,71.6872,128.8694,5.47,80,99,1.88,RU,1721759334
15,keflavik,64.0049,-22.5624,11.95,100,100,8.23,IS,1721759335
16,blackmans bay,-43.0167,147.3167,10.07,73,100,3.53,AU,1721759336
17,hermanus,-34.4187,19.2345,12.67,78,97,4.94,ZA,1721759338
18,puerto natales,-51.7236,-72.4875,11.25,46,75,19.03,CL,1721759339
19,banda aceh,5.5577,95.3222,27.64,76,100,5.6,ID,1721759340
20,puerto ayora,-0.7393,-90.3518,25.98,81,98,5.42,EC,1721759341
21,vorgashor,67.5833,63.95,10.13,69,82,3.5,RU,1721759342
22,tibanbang,6.6315,126.1055,27.56,79,85,0.81,PH,1721759343
23,whakatane,-37.9585,176.9854,2.71,99,20,2.25,NZ,1721759345
24,longyearbyen,78.2186,15.6401,9.91,87,40,4.63,SJ,1721759346
25,punta arenas,-53.15,-70.9167,10.01,71,40,15.43,CL,1721759055
26,margaret river,-33.95,115.0667,12.18,66,93,6.09,AU,1721759348
27,waitangi,-43.9535,-176.5597,8.79,99,100,6.26,NZ,1721759349
28,hithadhoo,-0.6,73.0833,29.2,74,79,4.57,MV,1721759351
29,colonia,50.9333,6.95,22.13,70,75,6.69,DE,1721759180
30,talnakh,69.4865,88.3972,13.19,56,100,1.96,RU,1721759353
31,xinmin,41.9908,122.8253,21.75,96,69,2.15,CN,1721759354
32,fort st. john,56.2499,-120.8529,13.94,62,75,8.23,CA,1721759355
33,tallkayf,36.4894,43.1192,39.48,11,0,4.95,IQ,1721759357
34,port mathurin,-19.6833,63.4167,23.06,64,9,6.71,MU,1721759358
35,thompson,55.7435,-97.8558,21.09,43,20,2.06,CA,1721759359
36,bethel,41.3712,-73.414,24.45,87,100,3.09,US,1721759360
37,sitka,57.0531,-135.33,13.94,88,100,1.54,US,1721759361
38,chimore,-16.9833,-65.1333,32.47,33,2,1.96,BO,1721759363
39,adamstown,-25.066,-130.1015,18.95,65,86,11.13,PN,1721759364
40,ribeira grande,38.5167,-28.7,25.99,69,40,4.92,PT,1721759365
41,remire-montjoly,4.9167,-52.2667,32.02,58,17,8.23,GF,1721759366
42,ust-nera,64.5667,143.2,16.16,88,97,1.23,RU,1721759368
43,qaqortoq,60.7167,-46.0333,6.18,92,100,1.43,GL,1721759354
44,ilulissat,69.2167,-51.1,7.01,87,40,2.06,GL,1721759110
45,zaraza,9.3503,-65.3245,25.86,94,100,1.84,VE,1721759371
46,soverato marina,38.685,16.5499,28.42,62,0,5.41,IT,1721759372
47,port elizabeth,-33.918,25.5701,16.16,91,20,7.72,ZA,1721759333
48,rongelap,11.1635,166.8941,28.0,79,35,6.26,MH,1721759375
49,college,64.8569,-147.8028,23.98,61,40,1.54,US,1721759376
50,mitchell,43.7094,-98.0298,29.53,57,0,1.79,US,1721759318
51,iqaluit,63.7506,-68.5145,17.85,48,75,6.17,CA,1721759361
52,poshekhon'ye,58.4993,39.1353,16.54,69,3,1.25,RU,1721759381
53,egilsstadir,65.2653,-14.3948,15.95,48,0,6.17,IS,1721759382
54,kenai,60.5544,-151.2583,13.97,94,100,2.06,US,1721759383
55,misratah,32.3754,15.0925,27.3,66,0,7.17,LY,1721759384
56,stanley,54.868,-1.6985,16.96,75,20,3.09,GB,1721759385
57,ghanzi,-21.5667,21.7833,19.02,13,0,3.6,BW,1721759386
58,potosi,-19.5836,-65.7531,15.48,27,75,6.17,BO,1721759388
59,puerto armuelles,8.2833,-82.8667,29.99,75,100,3.27,PA,1721759389
60,novodvinsk,64.4165,40.8122,18.86,55,20,2.48,RU,1721759390
61,tolanaro,-25.0319,46.9987,19.04,94,75,1.03,MG,1721759392
62,jamestown,42.097,-79.2353,26.96,64,75,2.57,US,1721759244
63,avarua,-21.2078,-159.775,21.03,88,75,1.54,CK,1721759395
64,ushuaia,-54.8,-68.3,9.81,62,40,1.03,AR,1721759396
65,"laikit, laikit ii (dimembe)",1.4792,124.9735,24.47,83,40,2.57,ID,1721759397
66,west island,-12.1568,96.8225,25.99,73,20,6.17,CC,1721759398
67,ribeira brava,32.65,-17.0667,25.4,75,1,3.38,PT,1721759399
68,praia da vitoria,38.7333,-27.0667,26.14,73,40,3.04,PT,1721759401
69,polyarnyy,69.1989,33.4478,19.55,57,100,2.53,RU,1721759402
70,bredasdorp,-34.5322,20.0403,11.35,74,100,2.37,ZA,1721759403
71,mount gambier,-37.8333,140.7667,10.16,51,100,5.45,AU,1721759404
72,kiruna,67.8557,20.2251,17.51,77,100,3.6,SE,1721759405
73,chinde,26.8212,87.7095,24.77,92,100,1.19,NP,1721759407
74,atar,20.5169,-13.0499,37.83,31,96,4.72,MR,1721759408
75,saint-pierre,-21.3393,55.4781,19.82,64,0,2.06,RE,1721759409
76,geiro,-6.15,36.8667,15.9,65,2,2.0,TZ,1721759410
77,albany,42.6001,-73.9662,25.93,66,97,0.45,US,1721759152
78,sungai penuh,-2.0833,101.3833,19.86,89,100,0.72,ID,1721759412
79,port lincoln,-34.7333,135.8667,14.47,46,99,10.43,AU,1721759414
80,arraial do cabo,-22.9661,-42.0278,22.98,64,0,5.66,BR,1721759415
81,carnarvon,-24.8667,113.6333,16.24,71,7,8.39,AU,1721759416
82,dalandzadgad,43.5708,104.425,21.22,46,100,6.43,MN,1721759418
83,junin de los andes,-39.9504,-71.0694,12.36,60,5,7.5,AR,1721759420
84,gisborne,-38.6533,178.0042,7.87,76,93,4.64,NZ,1721759421
85,polva,58.0603,27.0694,21.12,71,82,1.99,EE,1721759422
86,badger,64.8,-147.5333,23.93,59,40,1.54,US,1721759423
87,grants pass,42.439,-123.3284,27.7,50,0,1.96,US,1721759412
88,codrington,-38.2667,141.9667,11.06,47,100,7.98,AU,1721759426
89,zeya,53.75,127.2667,18.01,73,27,1.34,RU,1721759427
90,alice springs,-23.7,133.8833,10.75,35,0,0.0,AU,1721759428
91,nabire,-3.3667,135.4833,23.79,96,100,1.58,ID,1721759429
92,anshun,26.25,105.9333,18.92,97,96,1.38,CN,1721759432
93,aasiaat,68.7098,-52.8699,3.83,88,82,1.6,GL,1721759433
94,kavieng,-2.5744,150.7967,27.38,76,100,5.43,PG,1721759434
95,villa de cos,23.2833,-102.35,26.87,32,0,2.86,MX,1721759435
96,shihezi,44.3,86.0333,28.22,28,0,2.38,CN,1721759436
97,tazacorte,28.629,-17.9293,22.54,73,20,6.69,ES,1721759438
98,luau,-10.7073,22.2247,20.73,17,0,1.31,AO,1721759439
99,zhigalovo,54.8097,105.1578,15.81,98,96,1.36,RU,1721759440
100,happy valley-goose bay,53.3168,-60.3315,22.17,30,75,4.63,CA,1721759441
101,kodiak,57.79,-152.4072,12.73,94,100,2.06,US,1721759444
102,anadyr,64.75,177.4833,16.28,67,0,5.0,RU,1721759445
103,mejit,10.2753,170.8646,27.92,74,85,5.74,MH,1721759446
104,marsa alam,25.0757,34.8918,32.61,41,4,2.39,EG,1721759447
105,sona,45.4388,10.8255,30.33,48,0,2.06,IT,1721759449
106,cayambe,0.05,-78.1333,21.59,64,80,4.19,EC,1721759450
107,yeppoon,-23.1333,150.7333,11.88,92,12,5.24,AU,1721759451
108,n'zeto,-7.2312,12.8666,21.31,90,0,3.67,AO,1721759452
109,pandan,14.0453,124.1694,26.99,84,100,9.46,PH,1721759453
110,ancud,-41.8697,-73.8203,10.3,88,74,6.98,CL,1721759455
111,amta,22.58,88.0083,28.96,85,85,2.58,IN,1721759456
112,afaahiti,-17.75,-149.2833,23.93,69,88,6.91,PF,1721759457
113,utrik,11.2278,169.8474,27.74,79,38,6.97,MH,1721759458
114,mazabuka,-15.856,27.748,18.22,34,0,2.94,ZM,1721759459
115,gadzhiyevo,69.2551,33.3362,19.25,61,100,1.57,RU,1721759460
116,hafar al-batin,28.4328,45.9708,38.32,11,0,3.09,SA,1721759267
117,bilibino,68.0546,166.4372,16.25,92,100,1.31,RU,1721759463
118,shiyan,32.6475,110.7781,26.7,93,100,2.05,CN,1721759464
119,california,38.3004,-76.5074,30.92,61,75,2.06,US,1721759222
120,kibondo,-3.5864,30.7203,20.29,28,0,1.41,TZ,1721759466
121,olonkinbyen,70.9221,-8.7187,3.91,93,100,7.61,SJ,1721759468
122,conduaga,8.862,117.4893,26.55,89,100,2.69,PH,1721759469
123,el porvenir,13.7617,-87.3458,30.63,40,36,3.02,HN,1721759470
124,cheremukhovo,60.3484,59.9851,10.49,99,100,2.96,RU,1721759472
125,udachny,66.4167,112.4,9.5,62,100,6.56,RU,1721759473
126,rio grande,-32.035,-52.0986,23.06,79,51,3.43,BR,1721759475
127,vilyuysk,63.7553,121.6247,10.71,63,100,3.08,RU,1721759476
128,hamilton,39.1834,-84.5333,30.65,58,75,5.66,US,1721759396
129,nieuw amsterdam,5.8833,-55.0833,34.01,46,40,1.03,SR,1721759478
130,ta`u,-14.2336,-169.5144,26.5,68,59,8.79,AS,1721759479
131,dryden,49.7833,-92.7503,17.16,72,100,4.12,CA,1721759481
132,victoria falls,-17.9235,25.843,22.06,26,0,2.06,ZW,1721759482
133,whitehorse,60.7161,-135.0538,14.5,100,100,2.06,CA,1721759483
134,balkanabat,39.5108,54.3671,29.36,54,0,3.19,TM,1721759298
135,prieska,-29.6641,22.7474,13.12,19,10,3.26,ZA,1721759485
136,iskateley,67.6803,53.1512,8.53,84,0,4.23,RU,1721759487
137,yellowknife,62.456,-114.3525,26.9,45,100,4.12,CA,1721759489
138,lucheng,31.2336,117.2806,26.82,77,39,1.23,CN,1721759490
139,kuusamo,65.9667,29.1833,24.02,41,0,2.06,FI,1721759492
140,haiku-pauwela,20.9219,-156.3051,26.2,80,20,8.23,US,1721759493
141,qarazhal,48.0078,70.7903,23.64,52,24,4.62,KZ,1721759494
142,new norfolk,-42.7826,147.0587,10.72,67,100,1.33,AU,1721759495
143,shar,49.5886,81.0453,21.53,51,100,2.69,KZ,1721759496
144,flagstaff,35.1981,-111.6513,29.2,35,17,1.34,US,1721759498
145,cabo san lucas,22.8909,-109.9124,35.17,36,0,3.6,MX,1721759499
146,wailua homesteads,22.0669,-159.378,26.24,84,75,6.69,US,1721759500
147,constantia,44.1833,28.65,25.39,61,61,2.94,RO,1721759257
148,thunder bay,48.4001,-89.3168,20.95,56,40,4.12,CA,1721759221
149,isafjordur,66.0755,-23.124,11.02,76,100,4.12,IS,1721759505
150,vila franca do campo,37.7167,-25.4333,23.23,72,88,0.6,PT,1721759506
151,severo-yeniseyskiy,60.3725,93.0408,11.81,94,100,1.41,RU,1721759507
152,lakeview,42.432,-75.8655,26.22,58,27,0.89,US,1721759508
153,chililabombwe,-12.3648,27.8229,17.93,29,3,2.36,ZM,1721759510
154,fuling,29.7022,107.3919,28.37,73,86,1.6,CN,1721759513
155,dudinka,69.4058,86.1778,11.52,53,100,8.91,RU,1721759515
156,crane,31.3974,-102.3501,29.09,37,1,4.0,US,1721759516
157,vuktyl,63.8567,57.3094,12.82,73,100,2.05,RU,1721759517
158,saipan,15.1355,145.701,28.39,78,0,0.0,MP,1721759518
159,el granada,37.5027,-122.4694,32.68,58,20,2.06,US,1721759519
160,lihue,21.9789,-159.3672,26.58,84,75,6.69,US,1721759520
161,okha,53.5739,142.9478,10.72,98,100,6.19,RU,1721759522
162,batken,39.8333,71.0,17.75,49,64,0.67,KG,1721759523
163,klyuchi,52.2667,79.1667,21.33,59,11,3.92,RU,1721759524
164,urucara,-2.5364,-57.76,36.87,25,78,2.24,BR,1721759525
165,nema,57.5067,50.5011,17.74,56,100,3.63,RU,1721759526
166,kingston,17.997,-76.7936,32.87,62,20,8.23,JM,1721759523
167,nemuro,43.3236,145.575,17.92,95,35,7.44,JP,1721759530
168,georgetown,5.4112,100.3354,28.96,77,20,0.0,MY,1721759531
169,atafu village,-8.5421,-172.5159,27.89,79,99,7.37,TK,1721759533
170,queenstown,-31.8976,26.8753,9.69,20,5,3.37,ZA,1721759534
171,antigonish,45.6169,-61.9986,25.01,65,100,2.68,CA,1721759535
172,hagere selam,6.4833,38.5167,10.78,96,100,0.08,ET,1721759536
173,nadym,65.5333,72.5167,8.21,70,83,4.68,RU,1721759537
174,taroa,8.7058,171.2275,27.71,81,17,5.72,MH,1721759538
175,nar'yan-mar,67.6713,53.087,8.43,85,0,4.24,RU,1721759540
176,abepura,-2.6333,140.5833,23.45,100,40,0.51,ID,1721759541
177,vilyuchinsk,52.9306,158.4028,11.15,97,100,1.68,RU,1721759542
178,waingapu,-9.6567,120.2641,21.5,82,68,2.37,ID,1721759543
179,charters towers,-20.1,146.2667,11.36,92,5,2.75,AU,1721759544
180,weno,7.4515,151.8468,25.97,89,100,0.0,FM,1721759546
181,bilecik,40.0,30.1667,24.36,70,0,2.67,TR,1721759547
182,pakxan,18.3778,103.6601,24.49,97,100,3.97,LA,1721759548
183,uturoa,-16.7333,-151.4333,25.35,66,76,8.39,PF,1721759549
184,kourou,5.1552,-52.6478,32.03,56,8,4.48,GF,1721759317
185,creel,27.75,-107.6333,21.41,54,24,2.75,MX,1721759552
186,petropavlovsk-kamchatsky,53.0452,158.6483,10.33,100,100,3.0,RU,1721759553
187,broceni,56.7,22.5333,19.1,93,100,3.0,LV,1721759554
188,xiulin,29.7167,112.4,29.06,60,100,2.7,CN,1721759555
189,lebu,-37.6167,-73.65,11.76,84,98,6.74,CL,1721759556
190,motueka,-41.1333,173.0167,5.05,84,2,2.12,NZ,1721759558
191,ebon,4.582,168.6964,28.38,77,100,5.15,MH,1721759559
192,quellon,-43.1167,-73.6167,10.41,89,85,4.59,CL,1721759554
193,calvinia,-31.4707,19.776,8.17,57,1,2.89,ZA,1721759561
194,tangalle,6.024,80.7911,27.09,90,80,4.28,LK,1721759562
195,rio gallegos,-51.6226,-69.2181,14.03,38,0,17.49,AR,1721759467
196,sodra sandby,56.5667,16.6167,22.92,81,64,4.17,SE,1721759565
197,magadan,59.5667,150.8,14.41,91,99,1.18,RU,1721759566
198,paramonga,-10.6667,-77.8333,19.33,72,35,5.7,PE,1721759567
199,al manzalah,31.1582,31.937,28.78,68,0,5.64,EG,1721759568
200,lagunas,-5.2269,-75.6753,29.3,61,100,0.62,PE,1721759570
201,usinsk,65.9939,57.5281,10.64,78,5,5.42,RU,1721759571
202,lensk,60.7253,114.9278,17.7,85,45,3.56,RU,1721759572
203,uige,-7.6087,15.0613,23.02,48,1,0.61,AO,1721759573
204,tsaratanana,-16.7833,47.65,20.25,71,19,3.27,MG,1721759574
205,tura,25.5198,90.2201,25.23,95,100,2.44,IN,1721759575
206,meadow lake,34.8014,-106.5436,29.27,37,0,3.03,US,1721759577
207,malaya vishera,58.8454,32.2222,17.51,59,0,1.4,RU,1721759578
208,hadibu,12.65,54.0333,26.94,74,100,9.05,YE,1721759579
209,namsos,64.4662,11.4957,14.03,82,75,2.57,NO,1721759580
210,el kala,36.8956,8.4433,26.23,73,0,5.44,DZ,1721759581
211,krasnogorskoye,52.2953,86.1979,16.17,90,93,1.49,RU,1721759583
212,nizhnyaya tavda,57.6731,66.1725,12.47,93,100,3.51,RU,1721759584
213,sittwe,20.15,92.9,27.82,86,61,8.14,MM,1721759585
214,carauari,-4.8828,-66.8958,36.42,26,0,2.14,BR,1721759587
215,gulf shores,30.246,-87.7008,33.54,71,40,4.63,US,1721759365
216,labasa,-16.4167,179.3833,22.66,86,34,3.23,FJ,1721759589
217,nantucket,41.2835,-70.0995,23.94,88,100,4.12,US,1721759590
218,kittila,67.6647,24.8936,23.08,49,0,3.09,FI,1721759592
219,ouro preto do oeste,-10.7481,-62.2158,34.86,17,19,2.37,BR,1721759593
220,el calafate,-50.3408,-72.2768,6.88,80,13,11.16,AR,1721759374
221,mainhardt,49.0761,9.5564,19.48,89,75,2.06,DE,1721759595
222,zavitinsk,50.1167,129.45,18.09,80,20,2.56,RU,1721759592
223,mersing,2.4312,103.8405,25.95,94,20,3.09,MY,1721759477
224,donskoy,53.9711,38.3363,15.82,63,48,1.89,RU,1721759599
225,hammerfest,70.6634,23.6821,24.25,53,0,2.06,NO,1721759600
226,ruidoso,33.3317,-105.673,23.36,46,0,2.57,US,1721759601
227,luanda,-8.8368,13.2343,23.0,73,0,3.09,AO,1721759492
228,usogorsk,63.4106,48.6872,13.23,86,6,1.42,RU,1721759603
229,st. john's,47.5649,-52.7093,25.15,48,100,7.2,CA,1721759364
230,leava,-14.3,-178.1667,27.79,70,100,8.83,WF,1721759606
231,velyka dymerka,50.5918,30.9011,19.3,66,6,2.85,UA,1721759607
232,beni saf,35.301,-1.3823,33.16,45,0,3.02,DZ,1721759608
233,freetown,8.484,-13.2299,25.75,80,93,5.18,SL,1721759609
234,santa rosa del sara,-17.1092,-63.5989,32.83,23,0,3.4,BO,1721759610
235,rikaze,29.25,88.8833,15.05,66,100,0.74,CN,1721759611
236,nuuk,64.1835,-51.7216,10.34,71,20,4.12,GL,1721759613
237,turbat,26.0023,63.044,29.76,73,7,4.05,PK,1721759614
238,flin flon,54.7682,-101.865,21.91,49,75,3.6,CA,1721759615
239,marsabit,2.3284,37.9899,22.26,42,100,5.81,KE,1721759616
240,roxas,11.5853,122.7511,23.97,81,100,2.79,PH,1721759617
241,kimbe,-5.5502,150.1429,24.31,93,99,2.71,PG,1721759618
242,kingscliff,-28.2667,153.5667,11.08,89,61,2.7,AU,1721759620
243,mar del plata,-38.0023,-57.5575,20.29,49,0,6.69,AR,1721759602
244,geraldton,-28.7667,114.6,9.23,93,20,0.51,AU,1721759622
245,kruisfontein,-34.0033,24.7314,12.16,86,0,4.83,ZA,1721759623
246,kavaratti,10.5669,72.642,28.07,86,100,7.09,IN,1721759624
247,taco pozo,-25.6167,-63.2833,28.27,30,90,7.96,AR,1721759625
248,khandyga,62.6667,135.6,14.35,96,100,0.95,RU,1721759627
249,alamo,20.9167,-97.6833,29.8,68,58,1.22,MX,1721759628
250,tsiombe,-25.3,45.4833,19.09,72,0,4.51,MG,1721759629
251,laojunmiao,39.8333,97.7333,16.02,61,1,1.35,CN,1721759630
252,howard springs,-12.497,131.047,18.95,87,92,1.84,AU,1721759631
253,weener,53.1667,7.35,20.13,91,0,5.05,DE,1721759634
254,northam,51.0333,-4.2167,17.59,90,100,3.04,GB,1721759635
255,popondetta,-8.7537,148.2534,22.48,96,100,1.01,PG,1721759636
256,uyuni,-20.4597,-66.825,10.85,25,0,5.88,BO,1721759637
257,chenaran,36.6455,59.1212,27.32,34,2,2.72,IR,1721759640
258,islamorada,24.9243,-80.6278,32.0,83,13,7.0,US,1721759641
259,tual,-5.6667,132.75,25.21,86,94,7.54,ID,1721759642
260,faya-largeau,17.9257,19.1043,32.9,35,33,6.64,TD,1721759643
261,balykshi,47.0667,51.8667,29.0,37,40,7.0,KZ,1721759644
262,hawaiian paradise park,19.5933,-154.9731,25.73,94,75,1.54,US,1721759645
263,ust'-ilimsk,58.0006,102.6619,18.5,94,100,1.75,RU,1721759647
264,peterhead,57.5058,-1.7981,15.81,81,100,1.26,GB,1721759648
265,namtsy,62.7161,129.6658,15.88,88,95,1.68,RU,1721759649
266,nuku'alofa,-21.1333,-175.2,18.19,100,20,0.0,TO,1721759650
267,dunedin,-45.8742,170.5036,10.0,45,98,2.59,NZ,1721759651
268,tawau,4.2498,117.8871,26.07,86,100,1.87,MY,1721759653
269,lazaro cardenas,17.9583,-102.2,31.5,60,84,4.4,MX,1721759654
270,yulinshi,38.2906,109.7494,27.09,54,100,5.97,CN,1721759655
271,jinchang,38.4953,102.1739,18.0,72,99,2.12,CN,1721759657
272,tadmur,34.5608,38.2805,30.24,34,0,10.15,SY,1721759658
273,saint-philippe,-21.3585,55.7679,19.77,79,37,4.18,RE,1721759659
274,esmeralda,21.8525,-78.1169,31.77,59,65,6.42,CU,1721759660
275,minbu,20.1833,94.8833,26.08,87,100,5.29,MM,1721759661
276,damavand,35.7178,52.065,23.71,31,0,0.63,IR,1721759662
277,zaigrayevo,51.8336,108.2703,15.67,99,83,0.49,RU,1721759664
278,gwaram,11.2764,9.8858,25.33,80,98,1.41,NG,1721759665
279,warren,39.4334,-84.1666,30.45,60,0,4.63,US,1721759453
280,kralendijk,12.15,-68.2667,31.99,66,40,8.23,BQ,1721759667
281,morehead city,34.7229,-76.726,31.11,82,0,5.66,US,1721759668
282,kabo,7.6994,18.629,23.85,81,76,0.91,CF,1721759670
283,labuan,5.2767,115.2417,28.2,89,20,2.06,MY,1721759671
284,lubang,13.8584,120.124,28.24,82,100,12.63,PH,1721759672
285,eastham,41.8301,-69.9739,23.92,83,75,3.6,US,1721759673
286,buturlino,55.5667,44.8974,14.46,70,3,1.2,RU,1721759674
287,port alfred,-33.5906,26.891,15.22,60,0,3.72,ZA,1721759675
288,novoleushkovskaya,45.9956,39.9921,20.99,91,35,1.55,RU,1721759677
289,nadi,-17.8,177.4167,23.0,73,40,4.63,FJ,1721759678
290,jurm,36.8648,70.8342,19.84,43,0,1.25,AF,1721759679
291,vadso,70.0744,29.7487,26.49,56,0,3.09,NO,1721759680
292,murray bridge,-35.1167,139.2667,14.08,55,100,5.08,AU,1721759681
293,lompoc,34.6391,-120.4579,27.69,60,0,5.66,US,1721759617
294,tezu,27.9167,96.1667,24.15,98,100,0.84,IN,1721759684
295,yuzhno-kurilsk,44.0306,145.8556,17.29,100,100,3.11,RU,1721759685
296,presidente medici,-11.1753,-61.9014,36.27,15,14,1.57,BR,1721759686
297,porto novo,6.4965,2.6036,25.9,82,28,4.07,BJ,1721759687
298,cobija,-11.0267,-68.7692,34.1,46,20,3.09,BO,1721759689
299,la passe,45.5549,-0.8967,26.13,85,0,4.14,FR,1721759690
300,buga,3.9009,-76.2978,27.84,51,99,0.71,CO,1721759691
301,talcahuano,-36.7167,-73.1167,11.82,87,100,5.66,CL,1721759592
302,thongwa,16.7619,96.5278,26.09,91,100,3.01,MM,1721759694
303,watampone,-4.5386,120.3279,22.72,90,65,1.33,ID,1721759695
304,yelan'-koleno,51.1523,41.2306,18.58,63,100,3.84,RU,1721759696
305,ashland,40.8167,-82.2665,28.83,68,23,3.93,US,1721759697
306,walvis bay,-22.9575,14.5053,11.72,87,14,1.54,NA,1721759700
307,lorengau,-2.0226,147.2712,26.16,84,94,2.28,PG,1721759701
308,youghal,51.95,-7.8506,17.56,86,100,4.1,IE,1721759702
309,annau,37.8876,58.516,32.72,38,0,4.12,TM,1721759705
310,castillos,-34.1667,-53.8333,20.75,75,6,1.37,UY,1721759706
311,bikenibeu village,1.3673,173.1241,27.98,83,40,2.57,KI,1721759707
312,tazovsky,67.4667,78.7,8.78,64,99,7.04,RU,1721759708
313,oravita,45.0325,21.6894,25.15,50,47,1.08,RO,1721759711
314,shendi,16.6915,33.4341,32.8,43,91,5.32,SD,1721759712
315,arendal,58.4615,8.7725,18.89,75,20,2.99,NO,1721759713
316,revda,56.801,59.9303,10.86,71,100,0.95,RU,1721759714
317,plastun,44.7561,136.2939,16.15,97,100,0.87,RU,1721759715
318,enewetak,11.3474,162.3373,28.38,78,29,7.12,MH,1721759716
319,al jawf,29.5,38.75,31.01,14,7,3.48,SA,1721759718
320,karwar,14.8,74.1333,27.79,84,100,8.15,IN,1721759719
321,kiama,-34.6833,150.8667,10.88,72,43,0.89,AU,1721759720
322,madison,34.7334,-86.5667,24.96,95,75,1.54,US,1721759535
323,astrakhan,46.3497,48.0408,26.93,69,0,3.0,RU,1721759722
324,khabary,53.6259,79.5345,18.45,79,92,2.37,RU,1721759723
325,calama,-22.4667,-68.9333,21.27,16,0,9.77,CL,1721759697
326,rio guayabal de yateras,20.3667,-75.0167,32.99,47,77,2.38,CU,1721759726
327,char bhadrasan,23.3167,90.2167,26.64,94,100,3.41,BD,1721759727
328,gubkin,51.2817,37.5458,18.0,77,71,1.59,RU,1721759728
329,nizhniy kuranakh,58.8353,125.4869,15.49,81,10,0.42,RU,1721759729
330,woolgoolga,-30.1106,153.2007,9.93,86,2,2.57,AU,1721759730
331,kolwezi,-10.7148,25.4667,18.31,29,5,2.26,CD,1721759732
332,nizhneangarsk,55.7833,109.55,15.05,86,88,1.21,RU,1721759733
333,ternate,0.8,127.4,24.04,95,100,2.44,ID,1721759734
334,kathmandu,27.7167,85.3167,23.12,100,75,1.54,NP,1721759437
335,baker city,44.7749,-117.8344,31.9,18,0,2.44,US,1721759491
336,bamboo flat,11.7,92.7167,29.05,84,75,5.14,IN,1721759737
337,punta del este,-34.9667,-54.95,16.06,82,75,2.57,UY,1721759739
338,lodeynoye pole,60.726,33.5531,17.64,72,0,1.78,RU,1721759740
339,kayes,14.0,-11.0,28.9,72,17,2.78,ML,1721759741
340,lugu,23.7464,120.7525,24.02,89,100,1.3,TW,1721759743
341,chadron,42.8294,-102.9999,33.31,25,0,0.89,US,1721759744
342,tofol,5.3248,163.0078,28.21,74,91,3.91,FM,1721759746
343,pisco,-13.7,-76.2167,18.34,77,4,4.63,PE,1721759748
344,timimoun,29.2639,0.231,46.21,9,0,3.09,DZ,1721759749
345,novo cruzeiro,-17.4681,-41.8753,23.97,37,1,2.74,BR,1721759750
346,lautoka,-17.6167,177.4667,22.92,73,40,4.63,FJ,1721759752
347,saldanha,-33.0117,17.9442,13.03,84,100,3.83,ZA,1721759753
348,lionel town,17.8101,-77.2406,33.28,61,0,7.49,JM,1721759754
349,agat village,13.3886,144.6585,28.06,88,0,2.57,GU,1721759755
350,nova sintra,14.8667,-24.7167,24.95,80,100,4.2,CV,1721759756
351,tekirdag,40.978,27.5085,25.64,71,61,5.12,TR,1721759758
352,okhotsk,59.3833,143.3,15.05,82,100,1.08,RU,1721759759
353,vila velha,-20.3297,-40.2925,23.97,79,20,6.69,BR,1721759675
354,kaa-khem,51.6833,94.7333,17.02,71,100,1.68,RU,1721759762
355,vorkuta,67.5,64.0,10.34,69,73,3.75,RU,1721759763
356,bakchar,57.0186,82.0711,17.65,69,100,1.13,RU,1721759715
357,tidjikja,18.5564,-11.4271,22.48,84,99,10.45,MR,1721759766
358,quelimane,-17.8786,36.8883,22.97,78,20,0.0,MZ,1721759767
359,neryungri,56.6709,124.6491,14.88,90,0,1.45,RU,1721759768
360,port shepstone,-30.7414,30.455,17.02,83,8,4.9,ZA,1721759770
361,karratha,-20.7377,116.8463,19.03,70,2,3.58,AU,1721759771
362,monywa,22.1167,95.1333,28.19,73,76,6.73,MM,1721759772
363,souillac,-20.5167,57.5167,22.21,73,20,1.54,MU,1721759773
364,pangody,65.85,74.4859,9.05,68,87,4.63,RU,1721759774
365,skerries,53.5828,-6.1083,19.6,75,100,3.47,IE,1721759777
366,manta,-0.95,-80.7333,26.88,69,0,6.17,EC,1721759532
367,cadale,2.7603,46.3222,25.23,84,74,7.55,SO,1721759779
368,shohimardon,39.9839,71.8028,21.43,54,96,0.78,UZ,1721759780
369,dolores,-36.3132,-57.6792,20.22,64,100,3.68,AR,1721759781
370,gaiman,-43.2897,-65.4929,20.71,29,100,4.32,AR,1721759783
371,shahdad kot,27.8477,67.9055,35.89,51,49,6.05,PK,1721759784
372,chasong,41.4608,126.6414,18.44,99,99,1.25,KP,1721759785
373,flying fish cove,-10.4217,105.6791,23.82,83,100,3.6,CX,1721759786
374,squamish,49.7014,-123.1512,22.07,59,100,4.47,CA,1721759787
375,loikaw,19.6742,97.2094,21.45,95,100,1.2,MM,1721759788
376,okulovka,58.4008,33.2908,16.29,66,2,1.38,RU,1721759790
377,juneau,58.3019,-134.4197,12.45,98,100,4.63,US,1721759792
378,mugia,43.1041,-9.2179,26.76,83,0,11.34,ES,1721759793
379,kolonia,50.9333,6.95,21.09,73,75,8.75,DE,1721759746
380,howick,-29.4779,30.2306,9.21,47,99,1.74,ZA,1721759796
381,nehe,48.4833,124.8333,18.16,74,100,3.11,CN,1721759797
382,malango,-2.9627,119.9001,19.59,99,100,0.53,ID,1721759798
383,lerwick,60.1545,-1.1494,14.0,76,0,4.0,GB,1721759799
384,kerikeri,-35.2268,173.9474,11.71,89,38,3.6,NZ,1721759800
385,erenhot,43.6475,111.9767,26.86,45,100,2.55,CN,1721759802
386,salalah,17.0151,54.0924,25.05,100,100,2.57,OM,1721759803
387,prince rupert,54.3161,-130.3201,13.83,91,100,6.17,CA,1721759804
388,la foa,-21.7108,165.8276,19.14,79,100,1.1,NC,1721759805
389,ormara,25.2088,64.6357,28.65,87,99,5.02,PK,1721759806
390,torbat-e jam,35.244,60.6225,29.67,24,1,5.58,IR,1721759808
391,lata,40.1629,-8.3327,28.95,30,0,1.67,PT,1721759809
392,la sarre,48.8002,-79.1996,20.06,49,100,0.92,CA,1721759810
393,piti village,13.4626,144.6933,28.03,88,0,2.57,GU,1721759811
394,harstad,68.799,16.5293,17.36,96,100,4.02,NO,1721759812
395,sompeta,18.9333,84.6,26.31,87,100,4.26,IN,1721759813
396,tomohon,1.3346,124.8392,21.52,93,100,1.35,ID,1721759815
397,richfield,44.8833,-93.283,24.71,75,100,3.6,US,1721759617
398,ingeniero luis a. huergo,-39.0833,-67.2333,20.59,20,96,5.75,AR,1721759817
399,siwa oasis,29.2041,25.5195,35.65,19,5,3.34,EG,1721759818
400,aykhal,66.0,111.5,9.81,65,100,3.47,RU,1721759819
401,nova vicosa,-17.8919,-39.3719,23.62,60,0,2.9,BR,1721759820
402,bireun,5.203,96.7009,25.89,77,79,2.09,ID,1721759822
403,antalaha,-14.9003,50.2788,19.99,82,10,3.39,MG,1721759823
404,prabumulih,-3.45,104.25,22.03,93,96,1.49,ID,1721759824
405,kununurra,-15.7667,128.7333,10.99,82,56,0.0,AU,1721759825
406,libertad,8.9442,125.5019,24.55,89,100,1.19,PH,1721759826
407,boyalik,41.2634,28.6314,27.18,80,0,4.36,TR,1721759828
408,bereket,39.2446,55.5154,28.52,56,0,5.01,TM,1721759829
409,nouadhibou,20.931,-17.0347,23.99,73,72,4.63,MR,1721759830
410,amga,60.8953,131.9608,12.34,97,14,0.47,RU,1721759831
411,dalnegorsk,44.5604,135.5701,18.0,97,100,0.72,RU,1721759832
412,sur,22.5667,59.5289,34.54,53,94,0.98,OM,1721759833
413,jalqani,12.4486,34.2186,24.8,80,97,4.16,SD,1721759835
414,tsagan aman,47.5639,46.7218,24.04,58,100,4.26,RU,1721759836
415,ovalle,-30.5983,-71.2003,17.39,39,0,2.92,CL,1721759837
416,lodwar,3.1191,35.5973,30.35,43,100,1.24,KE,1721759838
417,toliara,-23.35,43.6667,20.98,61,0,4.8,MG,1721759839
418,ixtapa,20.7,-105.2,32.9,66,40,2.24,MX,1721759840
419,bafata,12.1667,-14.75,26.04,89,100,3.43,GW,1721759842
420,kapit,2.0167,112.9333,25.37,88,100,0.32,MY,1721759843
421,margate,51.3813,1.3862,21.04,75,72,2.54,GB,1721759844
422,pico truncado,-46.7949,-67.9573,13.84,47,100,10.14,AR,1721759845
423,kuna,43.4918,-116.4201,34.29,30,100,3.09,US,1721759846
424,inirida,3.8653,-67.9239,27.75,83,100,1.39,CO,1721759848
425,al abyar,32.19,20.5965,24.84,71,0,5.2,LY,1721759849
426,mournies,35.4764,24.0092,28.79,83,0,3.09,GR,1721759850
427,louisville,38.2542,-85.7594,31.14,59,20,2.57,US,1721759823
428,gardnerville ranchos,38.8882,-119.7413,35.01,25,0,2.57,US,1721759852
429,lockwood,45.8191,-108.4149,34.59,28,0,2.94,US,1721759854
430,bridgewater,44.3835,-64.5155,18.15,100,100,0.51,CA,1721759855
431,chonchi,-42.6128,-73.8092,10.62,83,83,1.7,CL,1721759856
432,al kharijah,25.4514,30.5464,35.27,16,85,4.52,EG,1721759857
433,xilin hot,43.9667,116.0333,20.88,67,11,1.63,CN,1721759859
434,epanomi,40.4264,22.9286,29.34,60,0,1.16,GR,1721759860
435,turabah,21.2141,41.6331,29.87,20,100,8.6,SA,1721759861
436,port douglas,-16.4833,145.4667,21.4,81,100,6.82,AU,1721759862
437,la'ie,21.6477,-157.9253,25.98,87,64,4.92,US,1721759863
438,ban nong wua so,17.2675,103.2247,24.98,90,100,5.17,TH,1721759865
439,maumere,-8.6199,122.2111,22.52,89,85,1.63,ID,1721759866
440,sisimiut,66.9395,-53.6735,7.41,80,20,6.06,GL,1721759867
441,quang ngai,15.1167,108.8,27.29,71,100,1.99,VN,1721759868
442,antonio enes,-16.2325,39.9086,22.09,71,4,3.36,MZ,1721759869
443,fale old settlement,-9.3852,-171.2468,28.01,77,100,8.41,TK,1721759871
444,kyabe,9.4515,18.9449,23.66,91,67,1.77,TD,1721759872
445,dubrovnik,42.6481,18.0922,29.8,54,0,4.12,HR,1721759717
446,sumbe,-11.2061,13.8437,21.25,82,84,3.72,AO,1721759874
447,luderitz,-26.6481,15.1594,13.08,79,3,3.8,NA,1721759877
448,limache,-33.0167,-71.2667,16.56,60,63,1.74,CL,1721759878
449,praia,14.9215,-23.5087,28.3,61,75,4.12,CV,1721759879
450,oodweyne,9.4092,45.064,26.89,42,73,9.5,SO,1721759880
451,smithers,54.7804,-127.1743,15.18,51,100,2.57,CA,1721759881
452,carutapera,-1.195,-46.02,29.62,65,100,4.55,BR,1721759883
453,north battleford,52.7834,-108.2847,17.05,94,100,9.26,CA,1721759884
454,palmerston north,-40.35,175.6167,1.53,96,70,1.53,NZ,1721759885
455,taoudenni,22.6783,-3.9836,42.05,17,1,1.39,ML,1721759886
456,namibe,-15.1961,12.1522,15.94,88,66,2.54,AO,1721759887
457,mouila,-1.8685,11.0559,25.26,67,59,2.55,GA,1721759889
458,inhambane,-23.865,35.3833,21.15,78,0,4.34,MZ,1721759890
459,mukalla,14.5425,49.1242,31.06,59,100,3.21,YE,1721759891
460,kiamba,5.9894,124.6242,25.74,78,77,1.92,PH,1721759892
461,saudarkrokur,65.7461,-19.6394,11.13,88,100,7.44,IS,1721759893
462,al miqdadiyah,33.9786,44.9369,39.47,14,0,7.25,IQ,1721759894
463,santa cruz,-17.8,-63.1667,30.7,34,2,4.12,BO,1721759813
464,surskoye,54.4821,46.7214,15.82,66,100,2.06,RU,1721759897
465,kapuskasing,49.4169,-82.4331,19.05,52,100,4.12,CA,1721759898
466,piacabucu,-10.4056,-36.4344,25.48,68,12,4.28,BR,1721759899
467,minas de marcona,-15.2119,-75.1103,16.85,56,0,8.85,PE,1721759900
468,palu,-0.8917,119.8707,25.1,94,100,0.91,ID,1721759903
469,winnemucca,40.973,-117.7357,34.03,20,0,2.06,US,1721759904
470,hasaki,35.7333,140.8333,27.22,91,38,4.14,JP,1721759905
471,kiunga,-6.1219,141.2906,23.0,99,100,1.08,PG,1721759906
472,prado,-17.3411,-39.2208,23.67,59,0,3.32,BR,1721759907
473,dinard,48.6314,-2.0614,18.88,72,100,4.63,FR,1721759908
474,rio preto da eva,-2.6994,-59.6997,35.99,28,100,2.21,BR,1721759910
475,gopalganj,26.4667,84.4333,30.16,75,100,5.09,IN,1721759911
476,san luis de la loma,17.2706,-100.8939,31.62,61,68,3.82,MX,1721759912
477,port blair,11.6667,92.75,29.02,84,75,5.14,IN,1721759914
478,sonqor,34.7837,47.6004,25.99,24,17,0.62,IR,1721759794
479,kristiansund,63.1115,7.732,16.03,82,75,2.57,NO,1721759917
480,cockburn town,21.4612,-71.1419,28.53,79,3,8.26,TC,1721759878
481,patti,31.2808,74.8572,31.04,68,99,2.19,IN,1721759919
482,terbuny,52.1389,38.2789,16.49,64,9,3.86,RU,1721759920
483,wittingen,52.7269,10.7361,19.26,88,100,4.11,DE,1721759922
484,cuatro cienegas de carranza,26.9833,-102.0833,30.94,39,30,4.78,MX,1721759923
485,suva,-18.1416,178.4415,20.71,100,75,0.0,FJ,1721759924
486,bel ombre,-4.6167,55.4167,25.91,89,20,4.12,SC,1721759925
487,san patricio,28.017,-97.5169,32.14,56,71,4.35,US,1721759926
488,barika,35.389,5.3658,32.63,21,0,8.81,DZ,1721759927
489,vernon,50.2581,-119.2691,25.89,26,0,1.03,CA,1721759929
490,oulunsalo,64.9346,25.4112,23.04,53,0,2.57,FI,1721759930
491,gorontalo,0.5412,123.0595,24.16,92,100,0.37,ID,1721759931
492,olinda,-8.0089,-34.8553,27.85,57,20,7.72,BR,1721759840
493,zouerate,22.7187,-12.4521,40.0,20,0,2.73,MR,1721759933
494,mossel bay,-34.1831,22.146,11.96,81,100,1.95,ZA,1721759935
495,san jorge,-31.8962,-61.8598,26.43,43,0,7.9,AR,1721759726
496,port saint john's,-31.6229,29.5448,17.18,60,2,3.1,ZA,1721759937
497,moyale,3.5167,39.0584,24.12,45,100,2.62,KE,1721759938
498,broken hill,-31.95,141.4333,10.46,57,100,5.68,AU,1721759939
499,urzhar,47.093,81.6294,22.53,53,100,4.05,KZ,1721759940
500,coquimbo,-29.9533,-71.3436,16.85,63,20,4.63,CL,1721759665
501,sant'ambrogio di valpollicella,45.5209,10.8362,29.68,54,0,2.06,IT,1721759943
502,merizo village,13.2658,144.6691,27.85,81,100,5.07,GU,1721759944
503,montrose,38.4166,-108.2673,22.63,15,0,2.69,US,1721759945
504,alotau,-10.3069,150.4462,23.36,97,100,1.37,PG,1721759946
505,borger,52.9233,6.7931,20.04,76,0,4.98,NL,1721759947
506,sarmiento,-45.5882,-69.07,13.4,49,64,1.65,AR,1721759948
507,tommot,58.9564,126.2925,15.36,92,8,0.52,RU,1721759950
508,santa elena de uairen,4.6167,-61.1333,24.19,74,100,3.5,VE,1721759951
509,sao gabriel da cachoeira,-0.1303,-67.0892,30.89,74,40,2.06,BR,1721759952
510,motril,36.7507,-3.5179,27.93,62,5,0.2,ES,1721759953
511,levuka,50.1834,-105.4011,22.85,83,100,8.75,CA,1721759954
512,argo,37.6333,22.7333,27.66,63,91,2.68,GR,1721759955
513,trairi,-3.2778,-39.2689,27.26,69,6,6.67,BR,1721759846
514,kuanda,56.3161,116.0806,20.78,80,97,1.88,RU,1721759958
515,alappakkam,11.6,79.7333,27.23,78,100,3.83,IN,1721759959
516,east london,-33.0153,27.9116,15.52,55,0,3.09,ZA,1721759734
517,tvoroyri,61.5556,-6.8111,11.23,92,15,6.78,FO,1721759961
518,gargzdai,55.7128,21.4033,18.88,80,93,2.31,LT,1721759962
519,chengde,40.9725,117.9361,23.4,95,9,0.88,CN,1721759964
520,ataq,14.5377,46.8319,28.85,52,100,4.62,YE,1721759965
521,eagle point,42.4726,-122.8028,27.89,43,0,1.54,US,1721759966
522,launceston,-41.45,147.1667,11.56,87,93,5.66,AU,1721759967
523,ust'-kulom,61.6864,53.6902,11.39,90,65,1.29,RU,1721759968
524,fort bragg,35.139,-79.006,33.61,61,20,5.66,US,1721759970
525,mount isa,-20.7333,139.5,3.87,56,17,0.0,AU,1721759971
526,iringa,-7.7667,35.7,11.56,66,2,3.06,TZ,1721759972
527,alamosa,37.4695,-105.87,21.99,43,0,2.06,US,1721759973
528,las vegas,36.175,-115.1372,41.2,20,0,2.57,US,1721759941
529,chebba,35.2372,11.115,27.65,65,0,8.23,TN,1721759975
530,karasburg,-28.0167,18.75,11.31,35,0,4.07,NA,1721759976
531,celestun,20.8667,-90.4,33.69,54,100,2.03,MX,1721759978
532,peace river,56.2501,-117.286,20.17,45,40,10.29,CA,1721759979
533,muynoq,43.7683,59.0214,27.2,47,0,3.97,UZ,1721759980
534,smirnykh,49.75,142.8333,13.37,93,100,2.89,RU,1721759981
535,jining,35.405,116.5814,27.97,90,100,3.06,CN,1721759982
536,qingnian,36.8456,115.7117,27.74,90,99,2.26,CN,1721759983
537,sao vicente,-23.9631,-46.3919,26.75,68,8,1.54,BR,1721759820
538,acarau,-2.8856,-40.12,28.03,66,27,9.31,BR,1721759987
539,aras-asan,8.8908,126.3033,25.4,87,97,2.29,PH,1721759988
540,kampong thom,12.7111,104.8887,25.55,89,100,1.47,KH,1721759989
541,mandalgovi,45.7625,106.2708,14.99,87,100,10.28,MN,1721759991
542,thinadhoo,0.5333,72.9333,29.02,73,99,3.75,MV,1721759992
543,ponta delgada,37.7333,-25.6667,23.4,78,75,1.03,PT,1721759993
544,brezina,33.0989,1.2608,36.7,9,0,6.72,DZ,1721759994
545,chibougamau,49.9168,-74.3659,17.79,45,75,0.0,CA,1721759995
546,alofi,-19.0595,-169.9187,19.94,94,100,2.06,NU,1721759997
547,dmitrovsk-orlovskiy,52.505,35.1464,15.45,83,0,4.1,RU,1721759998
548,al ghayzah,16.2079,52.176,26.85,80,100,7.4,YE,1721759999
549,touros,-5.1989,-35.4608,26.06,71,56,8.45,BR,1721760000
550,mbandaka,0.0487,18.2603,25.62,60,75,1.65,CD,1721760001
551,jiuquan,39.7432,98.5174,17.42,60,3,1.37,CN,1721760002
552,madugula,17.9167,82.8,27.58,81,100,3.5,IN,1721760004
553,camacupa,-12.0167,17.4833,18.42,16,0,1.3,AO,1721760005
554,laramie,41.3114,-105.5911,26.21,22,0,5.14,US,1721760006
555,rumphi,-11.0186,33.8575,14.86,51,0,1.77,MW,1721760007
556,andergrove,-21.0833,149.1833,18.33,85,53,6.16,AU,1721760008
557,xiaoweizhai,26.1903,107.5125,21.97,98,99,1.47,CN,1721760010
558,kuqa,41.7278,82.9364,29.73,27,100,0.36,CN,1721760011
559,nelson bay,-32.7167,152.15,7.78,93,0,2.35,AU,1721760012
560,lebyazh'ye,55.2689,66.4947,11.94,95,100,5.66,RU,1721760013
561,tukrah,32.5341,20.5791,27.16,69,0,4.72,LY,1721760014
562,timmins,48.4669,-81.3331,17.9,59,100,3.09,CA,1721760015
563,monteagudo,-19.8167,-63.9833,27.3,33,5,3.96,BO,1721760017
564,tralee,52.2704,-9.7026,16.74,80,100,2.58,IE,1721760018
565,maisi,43.0395,41.2621,16.69,96,17,2.29,GE,1721760019
566,phu kradueng,16.8843,101.8847,24.81,88,100,2.3,TH,1721760020
567,laguna,38.421,-121.4238,39.8,30,0,2.57,US,1721760021
568,boa vista,2.8197,-60.6733,28.99,74,40,2.06,BR,1721760022
569,midvagur,62.0511,-7.1939,11.46,93,100,4.63,FO,1721760024
570,salinopolis,-0.6136,-47.3561,28.17,74,100,4.97,BR,1721760025
